file_1.mp4,1
file_1.mp4,1
file_1.mp4,WAV
file_1.mp4,WAV
file_1.mp4,WAV
file_1.mp4,WAV
file_1.mp4,WAV
file_1.mp4,WAV
file_1.mp4,WAV
file_1.mp4,WAV
file_1.mp4,WAV
file_1.mp4,WAV
file_1.mp4,1
file_1.mp4,1
file_1.mp4,1
file_1.mp4,1
file_1.mp4,1
file_1.mp4,1
file_1.mp4,1
file_1.mp4,1
file_1.mp4,1
file_1.mp4,1
file_1.mp4,1
file_1.mp4,1
file_1.mp4,1
file_1.mp4,1
file_1.mp4,1
file_1.mp4,1
02110035HA.mp4,18
02250003AJ.mp4,7
02102326MO.mp4,9
03040017DW.mp4,56
02102122CS.mp4,19
02102115RP.mp4,2
02102145VX.mp4,3
02102312AS.mp4,13
2018NON007.mp4,22
03111401TI.mp4,30
03111459JX.mp4,19
02110035IQ.mp4,3
02242145UU.mp4,58
02102135RS.mp4,35
02242146JA.mp4,28
02102000VM.mp4,0
02242133JN.mp4,33
02102005OI.mp4,2
2018NON006.mp4,4
02102344LV.mp4,0
02250039JH.mp4,54
02111408LK.mp4,0
02111416DE.mp4,2
02102046WD.mp4,22
2018NON008.mp4,21
03032352MV.mp4,1
02102331RK.mp4,0
03111954RK.mp4,13
02102302XC.mp4,2
02242212RN.mp4,6
03040027WJ.mp4,3
2018NON010.mp4,6
02102328FG.mp4,20
2018NON012.mp4,9
02102124HO.mp4,0
02242119HM.mp4,0
02242310LZ.mp4,59
02102319YP.mp4,14
02102038RT.mp4,8
03040028SO.mp4,55
02250105IP.mp4,62
02242238IP.mp4,17
03040042CJ.mp4,0
02102353TC.mp4,6
02102304ZZ.mp4,56
03040055QS.mp4,0
02110031JL.mp4,3
2018NON011.mp4,0
02242132PR.mp4,7
02102054KM.mp4,15
02110050IL.mp4,30
02250319IW.mp4,4
02250115BH.mp4,21
02102302IB.mp4,1
02102127UU.mp4,26
02250129PW.mp4,0
02242127HA.mp4,9
02250048DB.mp4,13
02102331MJ.mp4,1
02102327FX.mp4,0
file_1.mp4,1
02110035HA.mp4,20
02250003AJ.mp4,27
02102326MO.mp4,11
03040017DW.mp4,53
02102122CS.mp4,25
02102115RP.mp4,0
02102145VX.mp4,7
02102312AS.mp4,13
02110035IQ.mp4,0
02242145UU.mp4,58
02102135RS.mp4,38
02242133JN.mp4,36
02102005OI.mp4,4
2018NON006.mp4,1
02102344LV.mp4,0
02250039JH.mp4,60
02111408LK.mp4,1
02111416DE.mp4,1
02102046WD.mp4,6
2018NON008.mp4,31
03032352MV.mp4,5
02110035HA.mp4,20
02250003AJ.mp4,27
02102326MO.mp4,11
03040017DW.mp4,53
02102122CS.mp4,25
02102115RP.mp4,0
02102145VX.mp4,7
02102312AS.mp4,13
02110035HA.mp4,20
02250003AJ.mp4,27
02102326MO.mp4,11
03040017DW.mp4,53
02102122CS.mp4,25
02102115RP.mp4,0
02102145VX.mp4,7
02102312AS.mp4,13
02110035IQ.mp4,0
02242145UU.mp4,58
02102135RS.mp4,38
02242133JN.mp4,36
02102005OI.mp4,4
file_1.mp4,1
file_1.mp4,1
IMG_1342.mp4,48
IMG_1342.mp4,25
test2.mp4,11
IMG_1342.mp4,25
IMG_1342.mp4,25
IMG_1342.mp4,25
IMG_1342.mp4,25
IMG_1342.mp4,48
test_vid1.mp4,10
test_vid2.mp4,0
test_vid3.mp4,0
test_vid2_1.mp4,0
check_upload.mp4,0
Commissioning_.mp4,0
videoplayback.mp4,6
videoplayback.mp4,6
check_upload_abc.mp4,0
check_upload_abc.mp4,0
check_upload_abc.mp4,0
check_upload_abc.mp4,0
check_upload_abc.mp4,0
check_upload_abc.mp4,0
